4.692416974085645079e-04,4.855892482898131846e+01,1.255828679844646558e+02,1.928322109773969828e+02,1.497868995964440160e+02,1.757087333262669802e+02,1.639753754225564535e+02,1.805408651409955496e+02,1.291828981474384079e+02,1.494374609291897400e+02,1.328594886625332947e+02,1.283357405427815081e+02,1.363394091450086592e+02,1.154647815481043267e+02,1.153307491004563872e+02,1.042448113237236527e+02,9.672740149128929943e+01,1.060076010162877367e+02,1.196754288143102229e+02,1.123596913808741391e+02,1.201056318436411487e+02,1.347824681848708792e+02,1.181582516602885846e+02,1.113501194372091021e+02,1.169218866997586446e+02,1.226518476639754596e+02,1.221604628214866324e+02,1.080575741722588248e+02,1.234768748829073957e+02,1.103958112983537490e+02,1.093233501453685221e+02,1.131009163337193826e+02,1.045352124259300552e+02,8.471355608254886249e+01,1.209980775887147928e+02,1.091552961277069329e+02,1.275942685343991911e+02,1.046550718686732324e+02,1.077843116636325078e+02,1.035927616792750996e+02,1.380576649189323462e+02,1.167021431698657778e+02,1.082819376739927861e+02,1.068410403715790835e+02,1.045805202602204389e+02,1.191100554046781070e+02
1.052223183961739323e+02,1.145086358455618267e+02,1.171176266186366206e+02,1.037411437603971365e+02,9.183913905840356051e+01,9.408383662851909435e+01,1.349367258404215590e+02,1.303505879346243717e+02,1.282659137183856899e+02,1.007490102517569568e+02,1.026833706484284505e+02,1.238406651283367239e+02,1.241149662792640243e+02,9.360508696015280350e+01,1.233018671680954554e+02,1.213885045346699059e+02,1.104422208384746824e+02,1.170874899944726479e+02,1.195936402709030375e+02,9.640588671988221847e+01,1.214913313658351939e+02,1.150459158791487653e+02,1.404192024863306187e+02,9.857794619586744034e+01,1.025897983707792918e+02,1.237895202861866011e+02,1.139698495659456228e+02,-4.210692420593550937e-05,7.170850186361684564e+01,1.554045897990822311e+02,2.150159940567588421e+02,2.279197218934747298e+02,1.960321086674337607e+02,2.283707287705410067e+02,2.113198040833577807e+02,1.752894008002511441e+02,1.766015120858752994e+02,1.602746611698793515e+02,1.272343337047892646e+02,1.557405318432603565e+02,1.406254522373135956e+02,1.507970667589927984e+02,1.617892907589773017e+02,1.673155362805165680e+02,1.570622193365751116e+02,1.613582820513117326e+02
1.532871429570650150e+02,1.474137214320049054e+02,1.508557851301482344e+02,1.638905676748249221e+02,1.594635461626850486e+02,1.644227566638247993e+02,1.320505724065011748e+02,1.519997544407169983e+02,1.538130476254752068e+02,1.862056463524630203e+02,1.485198362444525060e+02,1.432137265771686145e+02,1.196810237699218078e+02,9.818006006711263467e+01,1.141005420725555553e+02,1.497337959523888742e+02,1.615846411379177425e+02,1.475567807133258498e+02,1.371997778983000273e+02,1.482442604159748214e+02,1.423868243283592392e+02,1.455604698745341636e+02,1.475730249096494617e+02,1.580775039310956345e+02,1.554832600035110204e+02,1.399737425028077666e+02,1.416206408635367211e+02,1.527292421209754423e+02,1.515060907954220681e+02,1.576723850471816775e+02,1.357812419292604886e+02,1.106765041853707459e+02,1.006833754086274411e+02,1.388490409907936964e+02,1.476273651681583772e+02,1.338088309803761433e+02,1.535740302552785863e+02,1.447238456597183642e+02,1.335420176441917590e+02,1.392376982754540506e+02,1.431199201055395918e+02,1.581565736732058554e+02,1.531784803965618096e+02,1.428392887571342555e+02,1.632323585939491295e+02,1.543696606635925832e+02
1.572950822464179055e+02,1.362007730967950749e+02,1.365092795725999792e+02,1.634651761536481729e+02,1.407622846435769475e+02,1.726307907612359713e+02,1.532809274716846346e+02,1.590833184252981312e+02,-9.500237433545133143e-05,7.717411023487281341e+01,1.945302145774221003e+02,2.823200341514395291e+02,2.957973078180108359e+02,2.517251940584961858e+02,2.981982870818254696e+02,2.641240371644253742e+02,2.152127730183951826e+02,1.883605108440214053e+02,2.004363578712329854e+02,1.933289056644883601e+02,2.122527172883631295e+02,2.035165852279664591e+02,1.845764749577118380e+02,1.800344659513928605e+02,1.789436032558504053e+02,1.819736024510043535e+02,1.989461064057648514e+02,1.604174640045326328e+02,1.769784821047628327e+02,1.913521311408251790e+02,1.777115373013693329e+02,1.921450046455950087e+02,1.612760956435091941e+02,1.805504036518326529e+02,1.864007989454069900e+02,1.955172153781906275e+02,1.796501760995580241e+02,2.041726018902533042e+02,1.845961479009762058e+02,1.704986415764520586e+02,1.382525694593899459e+02,1.534669386115730276e+02,1.913684068395520512e+02,1.763125802197434382e+02,1.665561517913620833e+02,1.760475313817318295e+02
1.404241380770387764e+02,1.913640279499368830e+02,1.709122661386157915e+02,1.540262860388551758e+02,2.038582880321147570e+02,1.800713271631775001e+02,1.800396323109978596e+02,1.887952803454414834e+02,1.968159217964177969e+02,1.639573043555102174e+02,1.866868052219032563e+02,1.719200466024663285e+02,1.268449361001830340e+02,1.602085313824414357e+02,1.828972791425301807e+02,1.636625590777586297e+02,1.738516384213710637e+02,1.731369602932397243e+02,1.721844397938723432e+02,1.759241163294136925e+02,1.665513702105432117e+02,1.678896742908976591e+02,1.708615676558721077e+02,1.883591473626200923e+02,1.896429316610228284e+02,1.831946410897983810e+02,1.971070946904514471e+02,1.783286849440878825e+02,2.034753918100525709e+02,1.780293505110583396e+02,1.814777760372270166e+02,2.035029832813427788e+02,1.889327127489986253e+02,2.101128550919888198e+02,1.823643289281099840e+02,-3.329697989142253733e-04,1.140984523256125698e+02,2.421748337136351665e+02,3.316754022589165061e+02,3.181146827042970244e+02,3.056366887676368265e+02,3.758656430162045012e+02,3.269976806786773977e+02,2.845288661742487761e+02,2.719303134718608703e+02,2.360606095950421377e+02
1.949245616846261555e+02,2.282600432594044548e+02,2.291762719546404696e+02,2.009726687156134801e+02,2.111465117527171174e+02,2.622879252764441276e+02,2.384833792397879222e+02,2.269614410431850899e+02,2.592466057975465219e+02,2.177300927762325102e+02,2.368783789616653905e+02,1.987747266535297683e+02,2.023538991769098629e+02,2.418553131905231908e+02,2.391083516821453827e+02,2.486452715749114475e+02,2.137421590186442018e+02,2.285039201754047724e+02,2.383729411094899717e+02,2.168714417083726289e+02,2.110309437325365707e+02,1.723049396320648725e+02,2.104388219184853028e+02,2.115006121287301539e+02,2.237955883886158972e+02,2.179647055075722903e+02,2.459335340958472784e+02,2.265184067917908521e+02,2.359624287235547229e+02,2.238695026005740658e+02,2.237258179475986992e+02,2.402862464894560617e+02,2.299222082276486390e+02,2.325290711238398842e+02,2.025657803867913742e+02,2.535305507435853940e+02,2.102143002321121230e+02,2.336101851762925321e+02,2.310561386524975376e+02,1.647197375356057307e+02,1.500839724282804184e+02,2.256084365995834844e+02,2.104267617060708631e+02,2.309950547951749797e+02,2.261297117499511842e+02,2.309064452986296203e+02
2.337408543688234204e+02,2.417287147878477640e+02,2.230182790053868302e+02,2.267046548584773973e+02,2.085247273971305049e+02,2.721662290316862141e+02,2.411182266267141756e+02,2.377717874262368696e+02,2.386027657795398227e+02,2.487195706499409766e+02,2.276873662657610851e+02,2.418306998445509919e+02,2.145118104348594272e+02,2.168764391196171744e+02,2.136025621862328023e+02,2.460146884294020424e+02,-6.783833882857968119e-04,1.312628844379959503e+02,2.763018499804165344e+02,4.024944613902043216e+02,4.182362076977606762e+02,4.344210417150200669e+02,4.372289725345052602e+02,3.814351526920348761e+02,3.535626619793394525e+02,3.189068061508510254e+02,2.694161019257494445e+02,2.971044219826326866e+02,2.736806608318291296e+02,3.020052737588994773e+02,2.594608653512283922e+02,2.938298321434410809e+02,2.839008680708005272e+02,3.115667316335374153e+02,2.692675076708273991e+02,2.613035520876218243e+02,2.844008761595565034e+02,2.625218190401892571e+02,2.412764785722383749e+02,2.690299237167852766e+02,2.654033348861285617e+02,2.478036828403573111e+02,2.806534322725558468e+02,2.402428468228609972e+02,2.740502596413473952e+02,2.874496899310997833e+02
2.732017713325960244e+02,2.370479145977864732e+02,2.324298154476672664e+02,2.315595918715706603e+02,2.693597822014209555e+02,2.890039649595931337e+02,2.922365444851258758e+02,2.900349115157403048e+02,2.795843982006038573e+02,2.733302464294678202e+02,2.555775884723417732e+02,3.046654717025558057e+02,2.631093857703104959e+02,2.477738611869810654e+02,2.786346873241703861e+02,2.932592359241514259e+02,2.598784201333708666e+02,2.896819577381529598e+02,2.762745019960190120e+02,2.586043284426251603e+02,2.155887035535663188e+02,2.059817282317295906e+02,2.634898135305507481e+02,2.709519747922015540e+02,2.550195845563889634e+02,2.987723435425392609e+02,3.069271188596301840e+02,2.827982418864863234e+02,2.680094377114743907e+02,2.683334585660181801e+02,2.989159888108738414e+02,2.493676751281020927e+02,2.630426755125818659e+02,2.872602875966879878e+02,2.952603792155363180e+02,2.985560540155655644e+02,2.672301580002877586e+02,2.593168050399945628e+02,2.827284209276054980e+02,2.864070473096244314e+02,2.780978976998831058e+02,2.984198708049990501e+02,2.837557091524541875e+02,1.047617462496422056e-03,1.500302593518864853e+02,3.338500634667280451e+02
4.820905467485771396e+02,5.285801707147222714e+02,4.491833097568905373e+02,5.307043301694383217e+02,4.317272836965482270e+02,4.038828331501518960e+02,3.666096569547106583e+02,3.146264547499235960e+02,3.381999662556214048e+02,3.447480601036671146e+02,3.219304692339310350e+02,3.298175660878535496e+02,3.424394958594898526e+02,3.131344228538532661e+02,3.227907469170070272e+02,3.196259694806836364e+02,3.344049171834433878e+02,3.417822232380327137e+02,3.609423669668199182e+02,3.499781629044895226e+02,3.123912462140560251e+02,3.198511795394106230e+02,3.451733594105617726e+02,3.529295755127312759e+02,3.247295528252492431e+02,3.146238103954821668e+02,3.201996290128768692e+02,3.032636858784593983e+02,2.676539907261696953e+02,2.785678373819139324e+02,2.829870601754865902e+02,3.197450371371139681e+02,3.427653221211213008e+02,3.296081322226795010e+02,3.415134209498835389e+02,3.522579678968679673e+02,3.117260961631964733e+02,3.471647391408664589e+02,3.078887139634610435e+02,3.249805510366082899e+02,3.145535032080247788e+02,3.370844889281219707e+02,3.310389383934453349e+02,3.052918759042843249e+02,3.220468116483929180e+02,3.146452893624997387e+02
3.178867064633250266e+02,2.357187440156867524e+02,2.432698946260196919e+02,3.244356803936038887e+02,3.356316801589455281e+02,3.485598286648461226e+02,3.132316503001994192e+02,3.398674280172303384e+02,2.943571821811632390e+02,3.416041621887995916e+02,3.401169067234398540e+02,3.043402474141331595e+02,3.292671208422447080e+02,3.336406233709426488e+02,3.388012671401677949e+02,3.392250408475240420e+02,3.410990787443756176e+02,3.159508737333556496e+02,3.232979934136039901e+02,3.549549411031866271e+02,3.211507793010130740e+02,3.095427379638451271e+02,3.490272594001721700e+02,3.147710534133067313e+02,8.491857480694636013e-05,1.833441451237496551e+02,3.908719363282984318e+02,6.207671086889770322e+02,5.738692370500634752e+02,5.553889389255439255e+02,6.172526402905695022e+02,5.618916556193903489e+02,4.584299126898062013e+02,4.191172266178314771e+02,3.927894947222721385e+02,3.768923703763842923e+02,3.511592438391938344e+02,3.899035933669737801e+02,3.705777320479472792e+02,3.838687788032337380e+02,3.669830980221843220e+02,3.570248894407448006e+02,3.848074521841392084e+02,3.930809622712618534e+02,3.912699437090689116e+02,4.206732006532524792e+02
3.777817264260644379e+02,3.869434104118194000e+02,3.540838923175904824e+02,3.635438605150888520e+02,3.832462663397725464e+02,3.817172376632981354e+02,3.876910659047647982e+02,3.941741880103701874e+02,3.740915322187645984e+02,3.324646158417580750e+02,3.299924136126016379e+02,2.838499942013808663e+02,3.418395615941989263e+02,3.701754881332084324e+02,4.082196484799462723e+02,3.447288469728343330e+02,3.869877182565503517e+02,3.676489048039429690e+02,3.432184924776003072e+02,4.099283325595081351e+02,3.969081394431913168e+02,3.647320454031855093e+02,4.282456435638555945e+02,3.625631749284088414e+02,3.526374578847925818e+02,3.845204230734310045e+02,3.980193763596420808e+02,3.690814611392799520e+02,3.010197280089269043e+02,2.437548836854693093e+02,3.642500346611521422e+02,4.046070222473190370e+02,3.632437764180367594e+02,4.061345359429029145e+02,3.691418781179205553e+02,3.816368563144559403e+02,3.722406872302302645e+02,4.142313152714049238e+02,3.911454301174866259e+02,3.735850197107241115e+02,3.787223716592615119e+02,3.831854765037655852e+02,4.028663238263047788e+02,3.709041954226476037e+02,3.585616169606753942e+02,3.834050788386067552e+02
4.223893093902898386e+02,3.598524635748368041e+02,3.537003121280929463e+02,3.889894145666374357e+02,4.265729776142622427e+02,1.040887827786593500e-03,2.061445083156579869e+02,4.495443753278983650e+02,6.148554807391510622e+02,6.705421830735110689e+02,6.064683161029232679e+02,6.951313330539669550e+02,6.747574838259830585e+02,5.578149589596519036e+02,5.135671845279122181e+02,4.787277246226471448e+02,4.809260497353665187e+02,4.399579421203841321e+02,4.409456349581778909e+02,4.310346349350239734e+02,4.410670930435219930e+02,4.245054833156046357e+02,4.517697963219727626e+02,4.575271267347297339e+02,4.878155243427224264e+02,4.408355734759956590e+02,4.491813601653165051e+02,4.154743147255517783e+02,4.304827538298442846e+02,4.625698688284500690e+02,4.685629696598975897e+02,4.400645167979142229e+02,4.623050414697696056e+02,4.349359239818350602e+02,4.512437015569208825e+02,4.626781082640247291e+02,4.019974975438573779e+02,3.770462980356446678e+02,3.800070203375701681e+02,4.430904045985418520e+02,4.348115585362719457e+02,4.762286650760311204e+02,4.574746782976869213e+02,4.200032586468673230e+02,4.544891365054053836e+02,4.673361303003896410e+02
4.310611429821647107e+02,4.219369070627097926e+02,4.610050153951900143e+02,4.657424652442672368e+02,4.707473062785679190e+02,4.349343522550329340e+02,4.472002366634193322e+02,4.829450554429483873e+02,3.934353499931464739e+02,3.326803448932332117e+02,3.154911643497430873e+02,4.611494845218992964e+02,4.486745544797225307e+02,4.361622439789633177e+02,4.256766269801015028e+02,4.676549713375878241e+02,4.581913334435506044e+02,4.458649140302649130e+02,4.314016541098523589e+02,4.104225800010469811e+02,4.559348867078077205e+02,4.269175518404264267e+02,4.429138809224454008e+02,4.421466365592335137e+02,4.326493965141387434e+02,4.204547632555904215e+02,4.511046736168664211e+02,4.332865362230732558e+02,4.251233623344181183e+02,4.802252865600848395e+02,4.354754738150644471e+02,4.517173687711594994e+02,-1.690319226654294314e-03,2.597624781383762524e+02,5.569451648105052755e+02,7.606991592699450848e+02,7.258624308347006036e+02,7.898810703924705194e+02,8.099993232432210561e+02,7.395279659715026810e+02,6.276025089777268704e+02,5.519113716086559407e+02,5.363483058427223114e+02,5.137649064824022389e+02,5.113826060704980705e+02,4.945691690228422317e+02
5.402579956640549881e+02,4.893583295045754085e+02,5.291336337769348575e+02,5.293012614727218761e+02,4.864507034646269403e+02,4.798270343829519788e+02,5.238248186477565014e+02,5.065411560344131203e+02,5.113705327100159366e+02,5.636999678725978811e+02,5.194858877153644698e+02,5.375812119260249347e+02,5.157804064483735829e+02,5.163524446717972296e+02,5.062346841708535976e+02,5.289451342621006233e+02,5.393973263334521562e+02,4.411942912791536173e+02,4.041771306437630074e+02,4.256553857901970446e+02,5.145887335846816768e+02,5.137012399665843532e+02,5.533487190494395236e+02,5.445719328041781182e+02,5.157537678624156570e+02,5.073969704562471748e+02,5.460315301856295491e+02,5.085673530042785160e+02,4.863586857437916251e+02,5.480515574272372987e+02,5.329492870015578774e+02,5.060904427643176859e+02,5.439738382876091691e+02,5.010767466656260467e+02,5.577407537735498408e+02,4.996898805172787661e+02,3.769286859906838458e+02,3.750998938310758604e+02,4.952253098490992897e+02,5.326882998532364581e+02,5.113454646922937172e+02,5.471076076630606622e+02,5.090592111074743116e+02,5.311305421181147040e+02,5.015829296199376017e+02,5.202213520155663673e+02
5.193391691608929932e+02,5.057610295050241689e+02,4.998967667169237643e+02,4.813826441892795742e+02,5.149902568944792165e+02,5.539402296048656353e+02,5.325121479217540355e+02,5.380271882830411414e+02,4.872774047852176409e+02,5.148812374358984698e+02,5.173351051369139668e+02,5.264708459396562148e+02,4.808551459658235103e+02,2.266910989599740876e-04,3.143071844590241426e+02,5.797109881132806777e+02,8.629039941987279008e+02,9.543290032164439936e+02,8.815192417457309375e+02,9.410047896641319767e+02,8.560731986580461808e+02,7.981688142180427121e+02,7.068986371746608484e+02,6.044947209976226077e+02,6.307853146953617625e+02,6.200080261941197932e+02,5.866704878907943339e+02,5.865348559926014786e+02,5.943819964805894642e+02,5.961549978648431534e+02,5.867362607924894746e+02,6.096682072003043231e+02,6.024392973818847850e+02,5.531810014366761834e+02,5.622696093377999205e+02,6.193115202104399941e+02,5.791510267687683609e+02,5.902457321888532533e+02,6.314782877869615731e+02,5.936916344178396230e+02,5.509423853349599085e+02,6.100279710475571164e+02,5.869010505932906199e+02,5.757033107389987663e+02,5.333249101696941352e+02,4.652064772845071730e+02
5.080894052826781717e+02,6.094828987671331788e+02,6.303379270139989785e+02,5.852432309883367907e+02,6.207895297816543234e+02,6.364617334881271518e+02,6.252809690157945397e+02,6.203854308926165686e+02,6.342698585653289456e+02,6.065310168670146140e+02,6.150778039202024274e+02,5.941153954406630646e+02,6.014014872531919309e+02,6.106869525527290534e+02,5.837646169288582314e+02,6.489976656465026963e+02,5.648769394795671133e+02,4.675381500481009311e+02,4.327963103825490521e+02,5.817834198664279484e+02,5.724599118502983401e+02,5.991655127914310697e+02,5.656724675840373493e+02,5.805616954093222830e+02,5.974338155291769681e+02,6.002699044754217539e+02,6.383542400228449196e+02,6.141322815587991499e+02,6.365120606658036877e+02,5.514000289581052812e+02,5.688707351567185242e+02,5.792310134203111147e+02,5.779740245606137705e+02,5.797993859369530583e+02,6.032852542390045301e+02,5.816771301974631569e+02,5.648459062681166643e+02,5.736373627104799198e+02,5.962288574348423253e+02,6.091140043584638306e+02,8.183006738771654359e-04,3.151247560241848760e+02,6.625823595843205567e+02,1.057197665883445552e+03,9.708548961432564965e+02,1.006459609741424288e+03
1.133837178409905846e+03,9.687907175052235971e+02,8.849632090293944202e+02,7.189785075252564184e+02,7.235509119683702011e+02,7.135551395210559349e+02,6.944476287767524809e+02,6.103064533924841726e+02,6.585328192999270414e+02,7.184580373609841217e+02,6.714718757783249430e+02,6.835755157546719829e+02,6.290008352250009693e+02,7.024021693154887771e+02,6.888839153532920818e+02,6.973649591870482709e+02,7.291001192405185520e+02,7.164764997725710600e+02,6.299379098523992297e+02,6.809276449305381220e+02,7.052419526242422307e+02,6.635795523571812282e+02,6.590019121950130057e+02,7.048751998117844551e+02,6.463148737743040328e+02,6.029138649757978783e+02,5.654565685925721255e+02,5.470171592912026881e+02,6.367945899852762750e+02,6.509858037547207914e+02,7.242270791601702058e+02,7.588255164571547766e+02,7.119450006989737858e+02,6.460933712522580663e+02,7.284796308764247215e+02,6.911309802730262390e+02,7.110393462253225607e+02,6.844406820576834889e+02,6.780575174363751785e+02,7.315264889189356836e+02,7.409690124260531547e+02,6.656183365734606241e+02,6.675763931344223465e+02,6.590214314307289669e+02,4.900333249250458607e+02,4.872851169684191177e+02
6.524379718355139630e+02,6.869850896629278623e+02,6.086813659141146218e+02,6.736436514621477727e+02,6.859223497762061470e+02,7.109458199605678601e+02,6.991724502411849471e+02,6.864789932714232918e+02,6.899621545799420801e+02,6.456993607028672386e+02,6.631138452805936367e+02,7.110132705184973929e+02,7.039246412392494676e+02,6.335288241264046292e+02,6.653234043871475478e+02,6.430519981497305935e+02,6.628806686663507435e+02,6.843992503320711194e+02,7.174816764379020242e+02,7.057329634252818096e+02,7.002864375630396125e+02,-1.479986713440486568e-03,3.877621383729228910e+02,7.977152401595648143e+02,1.152103013205787647e+03,1.150846672392054415e+03,1.135245363110131393e+03,1.235113576369321208e+03,1.100936345158099812e+03,9.663966430087318713e+02,8.366787792613930606e+02,8.514813437665927722e+02,7.674782653491014344e+02,7.858540960627101413e+02,7.831109690013497584e+02,8.108310232449117620e+02,8.111513165038178386e+02,8.081162253428203712e+02,7.847535681431825196e+02,8.629697783494502801e+02,7.374790254058439132e+02,7.524535612955841088e+02,7.654033814845278130e+02,7.828055162579279340e+02,7.668252588379822328e+02,7.912150666365249663e+02
7.871041119546567870e+02,8.340554866502703817e+02,8.197242828711035827e+02,8.212590928646159227e+02,8.006315070746978790e+02,7.792053332825898906e+02,7.381855094472448400e+02,6.528253095850865293e+02,6.519309499019078658e+02,7.432449343527690644e+02,7.621679988957663454e+02,8.402342412440856378e+02,8.253373867920811335e+02,7.955798814877865652e+02,8.105374746861235735e+02,7.597059164875911392e+02,7.632198333398596333e+02,7.606556510545018455e+02,7.853863089094786574e+02,7.653403442222783042e+02,7.772930681809730231e+02,7.192731514168253852e+02,7.340051855635733773e+02,8.176435351798834290e+02,7.407081657945349207e+02,5.584999513247181540e+02,5.789050324590994023e+02,7.854192183244891794e+02,8.268524615530900519e+02,7.866941318090021014e+02,7.462736335396474487e+02,7.188157377418787064e+02,7.579063363935161988e+02,7.622218139329329460e+02,7.750824836897963905e+02,7.663600180057661646e+02,7.623688363926016791e+02,7.520732923889491985e+02,8.035839900416923456e+02,7.727149241340464414e+02,7.443810383992012021e+02,7.497842503952514335e+02,7.413226573372518260e+02,8.260234713292593369e+02,8.087906303435701147e+02,7.912193653259976145e+02
7.450604885432310311e+02,7.490245156532108695e+02,-9.632461743713809001e-04,4.492909067411880528e+02,9.259422771905959735e+02,1.316146539902094673e+03,1.272210929664411424e+03,1.253191067723373862e+03,1.397223176730786918e+03,1.266720816300323577e+03,1.094934151336329478e+03,1.031342213211677972e+03,9.141335116889500796e+02,8.767189417605558219e+02,8.063595619264978041e+02,8.706017481427785469e+02,8.895132872496053551e+02,8.823674286986695279e+02,8.313215676997748460e+02,9.126519193868361981e+02,9.020542641139501256e+02,8.505691916259336267e+02,9.838994186249747145e+02,9.011725381395347085e+02,9.166511713057207089e+02,9.075834232430894417e+02,8.992994989867090680e+02,9.297111906124464440e+02,8.910503630205529362e+02,8.959946979934563842e+02,8.951190577398017467e+02,9.022185433833715251e+02,8.921814728633653431e+02,8.314948495070448189e+02,7.288492949655745861e+02,7.198728059076853469e+02,8.613577660951621056e+02,9.296278856317012469e+02,9.448955403529214436e+02,9.780939296908074994e+02,9.457352551474824622e+02,9.007097799076165074e+02,9.405110194244944068e+02,8.691018524079071312e+02,9.118235608897360862e+02,8.839098271720164348e+02
9.140494200650323364e+02,8.467046262611660268e+02,9.217654904473764645e+02,9.289714158303803515e+02,8.689372992250978314e+02,9.121530495994578587e+02,6.620280317054915713e+02,6.380558195910937229e+02,9.067357423264446652e+02,8.860365233608347353e+02,9.056592527698699087e+02,8.960332347891736617e+02,8.784016451720839314e+02,8.713090638472855289e+02,8.724939621863195498e+02,8.683175430053701120e+02,9.142396502467904611e+02,9.032992179825232597e+02,8.750283728597744357e+02,8.303459137595631319e+02,8.650831170869622611e+02,8.618210678885561720e+02,8.263866671672634538e+02,8.945884777917597148e+02,8.595590438541818230e+02,9.002090924442152300e+02,8.800903802091378338e+02,8.608581488975255525e+02,9.235882085879098895e+02,-3.477413141503648587e-03,5.152602801529343424e+02,1.039278512476048945e+03,1.429239653337269147e+03,1.469372268382404172e+03,1.382147733966940450e+03,1.515799801549358790e+03,1.480018799665676170e+03,1.223241663495255352e+03,1.095449899366868067e+03,1.034515850391130925e+03,9.885009345225915922e+02,9.501338340340216746e+02,9.594906384748603614e+02,9.397930686683928343e+02,1.022040804558904938e+03,1.013465976435021048e+03
9.706498234342767546e+02,1.019239819519679372e+03,9.343412370883123685e+02,1.001667016763479864e+03,1.019591698024057109e+03,9.793967688975955070e+02,9.743560009315433490e+02,1.021474636249724767e+03,1.012942959515539428e+03,1.008047155506380591e+03,1.044412149697215000e+03,9.523407356000110440e+02,1.035670771444160891e+03,9.707148589280867554e+02,8.538175033719264775e+02,8.428957396775614370e+02,8.075728597658496710e+02,9.612445895106218359e+02,9.787397810212144122e+02,1.001953138008465430e+03,1.043956189086964969e+03,9.935903427297563439e+02,1.073424127642729445e+03,9.831786436496663555e+02,1.001463995024182850e+03,9.536685407915506403e+02,1.030412863465414603e+03,9.867490262381501225e+02,1.038503146922574842e+03,9.724784837982429053e+02,1.038263817345426332e+03,1.020527042399798461e+03,9.955970926998825234e+02,6.957912470801592235e+02,7.396851559982524122e+02,1.032935684591698646e+03,9.883439145793183798e+02,9.896800179098829631e+02,9.997347799386485576e+02,1.010499449489738709e+03,1.010387412301887935e+03,9.212733073105966923e+02,1.020379354401743171e+03,9.656417336737149526e+02,1.030853867044636445e+03,9.379732754853786219e+02
9.564065948852232850e+02,1.003039965522559555e+03,1.021973558177827044e+03,9.512630837820005354e+02,1.012732960625639976e+03,9.402244209113788429e+02,9.749633699884170710e+02,9.568530035594864103e+02,9.448698396232745154e+02,9.796101764824827569e+02,3.032513634791730167e-03,4.929186561883270770e+02,1.108327821842294270e+03,1.665478903021669339e+03,1.591565622130179008e+03,1.561218449826035112e+03,1.747156354670150677e+03,1.505518234853137301e+03,1.369889386863980690e+03,1.219827833065315417e+03,1.114306593697313701e+03,1.048097335508012520e+03,1.067349862277871580e+03,1.040143116728614359e+03,1.157369673653428436e+03,1.052409809475649809e+03,1.117194451551992870e+03,1.082650490860277614e+03,1.026747678188092550e+03,1.062675051371315931e+03,1.062493187844820568e+03,1.056985150644317173e+03,1.079487542631528640e+03,1.049755080388612214e+03,1.134207867152062818e+03,1.097938095426069594e+03,1.047464469572313646e+03,1.136621765655071158e+03,1.102489654243875748e+03,1.016778935258500724e+03,1.030888921353645173e+03,9.864656195970136423e+02,9.043627685079021603e+02,8.797444825038666067e+02,1.028113120221049712e+03,1.116512923345010677e+03
1.129596281162875357e+03,1.177178469670148161e+03,1.177277449865712015e+03,1.070426007286937647e+03,1.142480785435607686e+03,1.124880508583676828e+03,1.066091184587790167e+03,1.131067367085229989e+03,1.115020351823377268e+03,1.145763967027404533e+03,1.095682836421861793e+03,1.097364432960719341e+03,1.133797575169333641e+03,1.120343363019654589e+03,8.154965558256046734e+02,8.336028974016800248e+02,1.128585945340298622e+03,1.094722221502436696e+03,1.104418559607380530e+03,1.089541537027513868e+03,1.081217054645413327e+03,1.174011925683538266e+03,1.150245046798832846e+03,1.069459839280033066e+03,1.108516667555442154e+03,1.087717141598914395e+03,1.055017044602678425e+03,1.144405016555542034e+03,1.103587958438594114e+03,1.101766480083736269e+03,1.133223881768861247e+03,1.097929173027249362e+03,1.072687388138283950e+03,1.095418109497925570e+03,1.006464358316044013e+03,1.000659147223312857e+03,1.083910392519796233e+03,-5.108369790294164286e-04,6.126878314567509278e+02,1.183236519605464082e+03,1.739484805768274555e+03,1.756011915041198108e+03,1.709302865509531330e+03,1.837181813061060893e+03,1.701052287679558958e+03,1.510490243679394553e+03
1.295419674976650640e+03,1.224290170875813146e+03,1.140740568290359306e+03,1.159656024456686282e+03,1.098245830780173037e+03,1.127061491570115550e+03,1.128170830311235022e+03,1.121802428799382824e+03,1.160882067193995454e+03,1.154044207415357505e+03,1.141799139326846898e+03,1.197591721371696394e+03,1.156601220739919881e+03,1.177477069515887706e+03,1.248004534265322263e+03,1.135497536764362621e+03,1.179932244427359819e+03,1.186062521322694465e+03,1.179774279368782118e+03,1.162917521439546817e+03,1.156404896490350893e+03,1.142137807449936417e+03,1.031945234643163303e+03,9.292399402425882045e+02,1.006986568430324382e+03,1.193087331975098778e+03,1.204749301222104350e+03,1.217869161921474870e+03,1.221981275035213457e+03,1.203049714790582357e+03,1.141664689847180171e+03,1.219423594432693790e+03,1.259399769778653308e+03,1.260571404404846589e+03,1.233943595172671849e+03,1.119784910323143095e+03,1.279608238343612811e+03,1.211019377868704396e+03,1.196219109164729844e+03,1.200147845474147516e+03,1.174804828124839787e+03,9.190364305298916179e+02,7.785654930454459191e+02,1.159932028018128676e+03,1.188894838960022753e+03,1.197088090648742764e+03
1.198054087738635189e+03,1.181461855104900678e+03,1.206745524339540225e+03,1.273107529455191298e+03,1.271935034400153199e+03,1.222097688346161704e+03,1.176663624489159702e+03,1.161030356826327761e+03,1.216652843481423361e+03,1.249436350957856575e+03,1.193242921837318590e+03,1.229895681959030981e+03,1.240385916409479933e+03,1.135089606664072562e+03,1.231906610914478961e+03,1.183214147701256252e+03,1.141072051364463505e+03,1.225089095581826541e+03,-7.190632164524705678e-04,6.359369822803182615e+02,1.293504853224671933e+03,1.998785174709622197e+03,1.903735624789123449e+03,1.803464004736434617e+03,2.065936964150372205e+03,1.806446200426831410e+03,1.576505345785903046e+03,1.387334628585635073e+03,1.303450521077157646e+03,1.241385848379807612e+03,1.272745071599924813e+03,1.301831328502133829e+03,1.226719872962812588e+03,1.241623728021646684e+03,1.254914303189812699e+03,1.246504349223652980e+03,1.247206639801623396e+03,1.226115417071180445e+03,1.247249212761131275e+03,1.245896323370350274e+03,1.211176299478916235e+03,1.231325348871881715e+03,1.272121437184246361e+03,1.252507335382736755e+03,1.275908734211878027e+03,1.258891427467683343e+03
1.232693738892892043e+03,1.235687849058153915e+03,1.200658228458408075e+03,1.165499811569889971e+03,1.036304980502947728e+03,1.042762629565498855e+03,1.177838568770546999e+03,1.248170806093005467e+03,1.268922565480563662e+03,1.259639702317413821e+03,1.256114149678792501e+03,1.311463477248528761e+03,1.265506511457032502e+03,1.241934252973708226e+03,1.252918037434582402e+03,1.300334626437577299e+03,1.223585180150740825e+03,1.211359279665912482e+03,1.360324723283987623e+03,1.349147679290572569e+03,1.267272433079796883e+03,1.240000636967172341e+03,9.251918188683762310e+02,8.926722697803887741e+02,1.285856477201330335e+03,1.303077876745619051e+03,1.257671804816538497e+03,1.292200061314277491e+03,1.218235893699647022e+03,1.353276267762151065e+03,1.297408865318999688e+03,1.317876295480851695e+03,1.264241546490735573e+03,1.303455816355503657e+03,1.308251498997608678e+03,1.284857829116589755e+03,1.226202988360236304e+03,1.242173100212156442e+03,1.314297172318562161e+03,1.301545387217185407e+03,1.275589696963538245e+03,1.323018628304437243e+03,1.285617404770030589e+03,1.269104000534992338e+03,1.259967643950909633e+03,2.543916951898575387e-03
6.731846385797408630e+02,1.391348818167233503e+03,2.048402294720608097e+03,2.021795971496113452e+03,1.928155892199060645e+03,2.141584570010286825e+03,1.891568258016490745e+03,1.757510002810616925e+03,1.480523990415467551e+03,1.324937504334518280e+03,1.386084542303868830e+03,1.288885839616786825e+03,1.323401132641741924e+03,1.299719789652154759e+03,1.334468079364423602e+03,1.285886455667916607e+03,1.370170235672393801e+03,1.266774217343470127e+03,1.341991726636516205e+03,1.302354236492665223e+03,1.294298946938584095e+03,1.254407471058586452e+03,1.331831329816307971e+03,1.378803874037382684e+03,1.229395195475124410e+03,1.290208979969357188e+03,1.348475093029235495e+03,1.308113819776558330e+03,1.306476882976467323e+03,1.222725215962545235e+03,1.152917617593730256e+03,1.002954738360655369e+03,1.060836666649391645e+03,1.289233921947050021e+03,1.307456371688493618e+03,1.268350827162102632e+03,1.275863691196356058e+03,1.295743719116020657e+03,1.365739975998296359e+03,1.295033781877568572e+03,1.282458402720611048e+03,1.276241173758497098e+03,1.324657513089491658e+03,1.287091019403698965e+03,1.277098999286969729e+03,1.314070628919493856e+03
1.349856636710989733e+03,1.332638214876167240e+03,1.190991818148894026e+03,9.222182120075876810e+02,9.532633648484693367e+02,1.242957803524287328e+03,1.308060159972432530e+03,1.251802692312247927e+03,1.393963746269233980e+03,1.309400551863190003e+03,1.352800580566308099e+03,1.338037024455621349e+03,1.353471201278012359e+03,1.358576032692993294e+03,1.351838233689498338e+03,1.356035440388321831e+03,1.352039873219521496e+03,1.342481271932350182e+03,1.318269570203135345e+03,1.315018801229694191e+03,1.328123354162559508e+03,1.329165506548775511e+03,1.256748769338232023e+03,1.337777171062435173e+03,1.315666454508309016e+03,1.300765927638618223e+03,1.090299404243539797e-04,6.644025209062233444e+02,1.392302738787550197e+03,2.123865073348032638e+03,1.993570656461826957e+03,2.092432558594752209e+03,2.210517378671400820e+03,2.023729746041082308e+03,1.739807650535536141e+03,1.579556783490619409e+03,1.421719081446935206e+03,1.405446231554519954e+03,1.392016978978987936e+03,1.393306085773578616e+03,1.329622354620373244e+03,1.403085669967667627e+03,1.364695537801485216e+03,1.366138802218006731e+03,1.353410661046926180e+03,1.396267711654571031e+03
1.363004770838326749e+03,1.380954232577004632e+03,1.405615920020642761e+03,1.375572712545827471e+03,1.363144626800953802e+03,1.393322098379900581e+03,1.392017398965428811e+03,1.401826869536464073e+03,1.283235392489359810e+03,1.314824582597230346e+03,1.269740511947498817e+03,1.226198681872164116e+03,1.106952877861441721e+03,1.081625672358519523e+03,1.259761808245086740e+03,1.262971550086645721e+03,1.394577205579953898e+03,1.349491648932213366e+03,1.373998598677098471e+03,1.293298125108647355e+03,1.349027307208618822e+03,1.347189580175841229e+03,1.337918781722869426e+03,1.411054597412004796e+03,1.375442556869735199e+03,1.398263963830116836e+03,1.317173127439062455e+03,1.384136959509217149e+03,1.307148748444602916e+03,1.216799944671456842e+03,9.245623826859658720e+02,9.575563149439034305e+02,1.268258284570828891e+03,1.337601468960731381e+03,1.333786553676792437e+03,1.385725642190813005e+03,1.328270907145665660e+03,1.360421927610865168e+03,1.370671522494815918e+03,1.394628421828890396e+03,1.347241695697406612e+03,1.406824588297168020e+03,1.304353874665870308e+03,1.355595095946641322e+03,1.400352699526323022e+03,1.390721751188835242e+03
1.364535345892465784e+03,1.382423739040644477e+03,1.409594246816109262e+03,1.363801225337606638e+03,1.381163015233571286e+03,1.363492372426860129e+03,1.395164815370645329e+03,1.391829782173727072e-03,6.989128060580633246e+02,1.492591035008148992e+03,2.068823440607795874e+03,2.105927618126164816e+03,2.043339462866341592e+03,2.158362579834122698e+03,2.066931604814399179e+03,1.824839832915859233e+03,1.461415275269440599e+03,1.463167390508917379e+03,1.484584999479188582e+03,1.403303266439326308e+03,1.407086571393082295e+03,1.371277053504543119e+03,1.384810364756760691e+03,1.421355648707219871e+03,1.346963895517562833e+03,1.408272422061978887e+03,1.367042174377382480e+03,1.403072261933961954e+03,1.442767009960786027e+03,1.417288583481211163e+03,1.471391899562503568e+03,1.489399293509532527e+03,1.347584552837510500e+03,1.343693624973864189e+03,1.408447140362718073e+03,1.387004142915768170e+03,1.430677621889556576e+03,1.329558450227695175e+03,1.237896828256426716e+03,1.114336957291885255e+03,1.118826780556435551e+03,1.287920039387650377e+03,1.375295092671463408e+03,1.422958151268612482e+03,1.406166602375042430e+03,1.395827570304609935e+03
1.395514303385371477e+03,1.330855178905090270e+03,1.285671625979744931e+03,1.350335625428317371e+03,1.471324158068521228e+03,1.331212391357297520e+03,1.299167826885787008e+03,1.365398276969603558e+03,1.377691638206925063e+03,1.373489833979704144e+03,1.287170808136135975e+03,9.535859057842425273e+02,9.716067329859396295e+02,1.354853996513922993e+03,1.314697190841978227e+03,1.367932909535157705e+03,1.346777961217981328e+03,1.361986845838949876e+03,1.345069214300164276e+03,1.337381985197254380e+03,1.340846691195321455e+03,1.352875323275602568e+03,1.375671380963526417e+03,1.306529000998039692e+03,1.332917607400404904e+03,1.379864272801522930e+03,1.378622503341756783e+03,1.326287804207298677e+03,1.359085976961320057e+03,1.364621615513309052e+03,1.347902082161846238e+03,1.343980309128602812e+03,1.440661840074125394e+03,1.422934838460424771e+03,3.595423134659122763e-03,6.786911193687915329e+02,1.523844071523874618e+03,2.141119334118268398e+03,2.102209906474507989e+03,2.021972164187839553e+03,2.309275495672007310e+03,1.934718923051033698e+03,1.822161821497917117e+03,1.520130984189092260e+03,1.479423227319585067e+03,1.427462514193844072e+03
1.410353912858340891e+03,1.417787342170041029e+03,1.356898068228734928e+03,1.330653503838528195e+03,1.398142675187043096e+03,1.442363770405857395e+03,1.387577443456931178e+03,1.406690208417064241e+03,1.388423314140129605e+03,1.544751905078723439e+03,1.353188497783740786e+03,1.441593445174272347e+03,1.480843982899211142e+03,1.472443849532824515e+03,1.437764047734109909e+03,1.418550419231631622e+03,1.396523642103326893e+03,1.359782674617908924e+03,1.303170072956776721e+03,1.220754697142982650e+03,1.146111319150896634e+03,1.150553091839935860e+03,1.349623099765095731e+03,1.393181551735006906e+03,1.372463809472990988e+03,1.451092215416862928e+03,1.340548235099022804e+03,1.348945790714955820e+03,1.387751992307851424e+03,1.327989603030092667e+03,1.470077447275720942e+03,1.402325567181110273e+03,1.407791018964063142e+03,1.356652363751872144e+03,1.410567144501189887e+03,1.405666292602271369e+03,1.348274970312836103e+03,1.306559506609402433e+03,1.085256983995644987e+03,9.793149011561007455e+02,1.337950144985349198e+03,1.375214079777261531e+03,1.342553119158152867e+03,1.348266968341883057e+03,1.396397765231193716e+03,1.394725834132920681e+03
1.350132337737722082e+03,1.361560568192760911e+03,1.359282161280723813e+03,1.340181451264246107e+03,1.411436296359813696e+03,1.329922179824694467e+03,1.378970899591914076e+03,1.412096734221807765e+03,1.373110046015839771e+03,1.435527735129658140e+03,1.398413275506691434e+03,1.429601818615337152e+03,1.393455107029822784e+03,1.364276913666345536e+03,1.411762593685094089e+03,-5.613568806185555583e-04,7.013124555475200168e+02,1.387718960101693710e+03,2.183551998414834543e+03,2.009909789884128713e+03,2.023882171194531793e+03,2.126696708967899212e+03,2.074980704781296026e+03,1.793742151718780178e+03,1.492013982342315103e+03,1.452770495725824730e+03,1.395535776473001761e+03,1.325924953538521095e+03,1.356999716180281666e+03,1.525750893389672683e+03,1.421271268898009339e+03,1.430791864059792942e+03,1.387018665057081535e+03,1.392453610528956688e+03,1.450225504940523933e+03,1.374808466171064083e+03,1.389560041809240147e+03,1.409332038743831845e+03,1.394008907463802188e+03,1.366237714383246157e+03,1.440757404751641843e+03,1.368602972642058830e+03,1.434299105032001762e+03,1.424098778373873984e+03,1.394169373989287124e+03,1.338383626549978544e+03
1.210540893805748510e+03,1.101136796618980270e+03,1.156846155317256262e+03,1.328222442863426750e+03,1.373088259382765727e+03,1.378523750376587259e+03,1.389306019513577894e+03,1.396105710251797973e+03,1.333800429653646688e+03,1.388703545147880959e+03,1.414655391247048101e+03,1.443094433427275362e+03,1.389270068879925248e+03,1.358721068596925988e+03,1.367616528823373756e+03,1.375434687636647823e+03,1.359853730054177504e+03,1.300121017179627415e+03,1.334546369500008950e+03,9.901673420132970023e+02,9.727950910024609357e+02,1.401286444071185770e+03,1.358292500242444021e+03,1.377386138222528871e+03,1.431654242973042756e+03,1.313596642086444717e+03,1.353127617478323600e+03,1.319143526174757653e+03,1.405104807912696288e+03,1.309011305798069770e+03,1.364102888155940946e+03,1.378063226577048226e+03,1.356181459432058318e+03,1.362643286907221864e+03,1.373688849864136728e+03,1.377203951300940162e+03,1.304148644460324931e+03,1.393876536994136814e+03,1.344830732022392112e+03,1.416026189789619821e+03,1.411612972212465820e+03,1.399482117941852493e+03,-7.622762248224012466e-04,6.785017199073920438e+02,1.458179882566629431e+03,2.116531518082290859e+03
2.069925650411234528e+03,2.097829894876550952e+03,2.206132933800860428e+03,1.941031933416305719e+03,1.731470194850961889e+03,1.561230620894026970e+03,1.398543464312554079e+03,1.431241837296385484e+03,1.370877363653274870e+03,1.392442723457602369e+03,1.368408149882896168e+03,1.458235315782364523e+03,1.392276736818155996e+03,1.371679989530280636e+03,1.405641747867006416e+03,1.348742784815264031e+03,1.350289299069931076e+03,1.398126027742102224e+03,1.388274819537974054e+03,1.423715971627585759e+03,1.369304456089564155e+03,1.384979025383951011e+03,1.381590279910850086e+03,1.383154768583223813e+03,1.421783954871440756e+03,1.311091561855397686e+03,1.351908530874894950e+03,1.222865841369350619e+03,1.159077202160870002e+03,1.090690940110537440e+03,1.328948005448604135e+03,1.371575198206279538e+03,1.343547890664351144e+03,1.429673309122799765e+03,1.364275465522012155e+03,1.398449760076294751e+03,1.346874023694214429e+03,1.315411481509046098e+03,1.391975780499060875e+03,1.389251005195285643e+03,1.333509170592524015e+03,1.367724358206492298e+03,1.396321306140553133e+03,1.439047665541862216e+03,1.272329027689243276e+03,1.358631908171440273e+03
1.047020459436392230e+03,9.788502943773409015e+02,1.372072319999133697e+03,1.374438226772785811e+03,1.371650704642946948e+03,1.444522716802804098e+03,1.385874279223455687e+03,1.401089434740942124e+03,1.437784249011077691e+03,1.475960969264319601e+03,1.376984996382500185e+03,1.414566523718637882e+03,1.391237334331902275e+03,1.285970840993528327e+03,1.379940322704520668e+03,1.380007671815867752e+03,1.330266364297819791e+03,1.379833822257492329e+03,1.407949026008735245e+03,1.400520144271736626e+03,1.398516874586639915e+03,1.406298470385853307e+03,1.401880713240758269e+03,-1.920935075594191197e-03,7.169795646548762988e+02,1.397480590514791174e+03,2.048579197480607036e+03,2.085818752404712995e+03,2.001004082296335810e+03,2.199112716860052387e+03,2.048273962445633515e+03,1.796612160910830880e+03,1.519094198525380989e+03,1.525797994258451126e+03,1.377299597138862055e+03,1.444392725361983139e+03,1.372904186765153781e+03,1.385023100406732738e+03,1.348112882861010348e+03,1.354237896936696643e+03,1.297345611592705609e+03,1.370090294435944088e+03,1.312906528094359146e+03,1.269113761044592366e+03,1.352059942517682884e+03,1.364880397268157822e+03
1.307959606484106644e+03,1.415048197068344280e+03,1.262770318803615964e+03,1.324799701842806599e+03,1.322945903753480025e+03,1.343797275825824727e+03,1.370532901575650612e+03,1.261808474232367189e+03,1.122425672522923151e+03,1.129824978515627436e+03,1.085568891336848310e+03,1.258156053702186227e+03,1.311914983439682374e+03,1.337289729978563628e+03,1.313095052853670495e+03,1.309341915619086876e+03,1.352924869001632487e+03,1.350119751180679941e+03,1.258065437520211390e+03,1.303654394794174323e+03,1.377042167164767079e+03,1.334553307237773652e+03,1.337967863935787136e+03,1.395149015403499334e+03,1.258115052710160171e+03,1.332674121905644370e+03,1.290716535405055538e+03,9.210106094067743925e+02,1.014502370239718516e+03,1.378935222521738979e+03,1.344755043840391863e+03,1.333076512257664717e+03,1.326749412119063891e+03,1.257022495261667245e+03,1.442276678978076234e+03,1.415461382842393732e+03,1.368611733948640676e+03,1.355838014563404158e+03,1.404692127734308087e+03,1.374498202511453883e+03,1.327098359319769315e+03,1.387830317602080186e+03,1.323399295709587022e+03,1.307493404748578996e+03,1.410105559906300186e+03,1.349394491850189297e+03
1.447095617141935463e+03,1.403190828527747954e+03,1.389056175736531486e+03,1.454940746763881862e+03,-7.296873950104617538e-04,6.632025133809644331e+02,1.351847397328990155e+03,2.109282444058504097e+03,2.044576708095105460e+03,2.041840210716849924e+03,2.201378898918306277e+03,1.982622304687178939e+03,1.755540152802740522e+03,1.519593129746966042e+03,1.413278353773631807e+03,1.365596471388112832e+03,1.321339523477905686e+03,1.317105932626391223e+03,1.379556532186267304e+03,1.313669490887548591e+03,1.447151058913068482e+03,1.297501885339461069e+03,1.393423631399233045e+03,1.408961702895006738e+03,1.297924325611113090e+03,1.314167813526499231e+03,1.275239164879114469e+03,1.262783372771160430e+03,1.370914298054073242e+03,1.371595971685537734e+03,1.320639477315346085e+03,1.232005581546740132e+03,1.283694441708674731e+03,1.260152524791588348e+03,1.255374283778216522e+03,1.131844041781512942e+03,1.097268272256496402e+03,1.073186367310904416e+03,1.268543093628574752e+03,1.312623734591257517e+03,1.257771830025018289e+03,1.295153054711395271e+03,1.274246253003121865e+03,1.308835607600337426e+03,1.295663901004926856e+03,1.233516760373675652e+03
1.233266120457105217e+03,1.267067796894621097e+03,1.290466033567741306e+03,1.255132877400939606e+03,1.243277262259125564e+03,1.275503327496883003e+03,1.193815611955932354e+03,1.198763021318605752e+03,8.949665550903774829e+02,8.800314970518491009e+02,1.305990989949725417e+03,1.208344264890421755e+03,1.280666728411823897e+03,1.261940677080404384e+03,1.263735480700006747e+03,1.365899490963037806e+03,1.330418121282339825e+03,1.344947795566796003e+03,1.315694631791515349e+03,1.330270900918616690e+03,1.324660900251708426e+03,1.325200405281086660e+03,1.311845935492747003e+03,1.382504567398849531e+03,1.297142362629477020e+03,1.389134781732522015e+03,1.339108302817642652e+03,1.375873135748423920e+03,1.336665491113082908e+03,1.311760667914881196e+03,1.332228919384547908e+03,-2.099839453208865881e-03,6.406265366000859558e+02,1.354588718857794674e+03,1.995898971315830522e+03,1.949425197165469399e+03,1.968765399507579559e+03,2.185038817442591153e+03,1.910429714567280371e+03,1.706027817254730280e+03,1.483131925588793820e+03,1.428732093582656262e+03,1.382935949024382808e+03,1.358263962640451155e+03,1.298863192663390464e+03,1.325438973671300573e+03
1.320753406066207162e+03,1.355710215383980085e+03,1.294198497702253007e+03,1.327847405990375819e+03,1.364001354152763724e+03,1.306242739368201683e+03,1.335858636361459276e+03,1.305017896339861636e+03,1.402241977112556469e+03,1.262858840113117139e+03,1.294862067830688147e+03,1.279200206329825050e+03,1.253975777176860674e+03,1.243574336660945164e+03,1.248816147615803402e+03,1.126845466747665341e+03,1.107697692574949997e+03,9.527168641317518905e+02,9.614570447303966603e+02,1.204239559808651620e+03,1.303306004911598620e+03,1.267809506418793035e+03,1.246252816183104869e+03,1.203497368311298715e+03,1.214687650622243154e+03,1.228494519849513154e+03,1.211581893476326286e+03,1.146899817624092975e+03,1.163975705530892128e+03,1.262451500265867935e+03,1.211182550305949917e+03,1.226397819594301154e+03,1.252536731284020561e+03,1.169923879196395092e+03,1.139513886417992353e+03,9.302542663153193416e+02,8.786117544653540108e+02,1.301019145071879393e+03,1.155428557649426693e+03,1.217928602883639542e+03,1.252310949004129498e+03,1.235055884394861323e+03,1.205557677592067648e+03,1.149500859660408651e+03,1.252260967096970717e+03,1.216343145996177554e+03
1.251224112484062744e+03,1.260591711246721616e+03,1.251669604480361841e+03,1.205734786441639244e+03,1.256345943763746391e+03,1.278795730785971728e+03,1.297458606241797497e+03,1.324063647089921005e+03,1.258768321286010632e+03,1.212944250402201988e+03,1.295797374154854197e+03,1.340206751284219990e+03,3.234752424415164931e-03,5.949631949649298122e+02,1.244907386802602105e+03,1.934915109459141377e+03,1.833224522399556463e+03,1.789587977733765001e+03,2.078271892648153425e+03,1.777351467048429640e+03,1.652009494909238128e+03,1.445618951105343967e+03,1.325227497539502110e+03,1.298646974397448275e+03,1.309068819501361531e+03,1.267427455135518812e+03,1.244503112166094525e+03,1.260808998780875527e+03,1.281660320086506999e+03,1.326080274312252868e+03,1.201742200944663637e+03,1.239075377860684966e+03,1.281939415182473795e+03,1.232897280328144234e+03,1.251974893551785726e+03,1.266696987402555806e+03,1.270519957453169354e+03,1.265194180563245482e+03,1.266168057656067731e+03,1.199745264345128362e+03,1.277224697624599912e+03,1.203838681249216506e+03,1.178782244152881958e+03,1.086597725699762805e+03,9.907648520126730318e+02,9.208506972403037025e+02
1.176789350503863943e+03,1.171745779329415882e+03,1.153555132446655762e+03,1.295307890770094673e+03,1.227272971071016855e+03,1.153540263456986395e+03,1.216181223363575327e+03,1.218286258693345872e+03,1.175828876483360091e+03,1.188846011568186441e+03,1.188253824977570730e+03,1.231505618495808221e+03,1.206205005203115888e+03,1.167261800365093222e+03,1.178875321828412552e+03,1.084681781118727940e+03,8.396669922954174581e+02,8.623134220756310242e+02,1.134001858798969351e+03,1.186822897498175280e+03,1.200176712628115183e+03,1.226042037038800572e+03,1.216355604857236358e+03,1.220280895563721060e+03,1.162662779683076224e+03,1.207875093347896609e+03,1.165358373012356651e+03,1.163084199168665464e+03,1.209788154472940960e+03,1.165821172415784986e+03,1.144510889457104668e+03,1.180562868185530533e+03,1.214471491766535792e+03,1.234224765608343205e+03,1.272743429817396873e+03,1.209468201230282148e+03,1.216091375714788683e+03,1.205915019818557766e+03,1.244444293190764483e+03,1.581991850021568363e-03,6.134900732435778536e+02,1.238751212400502709e+03,1.778235861638839197e+03,1.817314132090720705e+03,1.725348866121348237e+03,1.857005470623611018e+03
1.750819987212845035e+03,1.483346841554307275e+03,1.295856071512125254e+03,1.349424718162259296e+03,1.226071592814333371e+03,1.223455145764825147e+03,1.230624587877130352e+03,1.292648745890438704e+03,1.155256628929769704e+03,1.218828773385510658e+03,1.231623285981945628e+03,1.210200129316912808e+03,1.254571269289686143e+03,1.208786062442807861e+03,1.195621587902114697e+03,1.151310959649328424e+03,1.190762749215593431e+03,1.204339600431492272e+03,1.240140944126689874e+03,1.238716951116873361e+03,1.216388437660368936e+03,1.168556313606387903e+03,1.189151066189282574e+03,1.058140723921848803e+03,1.087277685067581388e+03,9.430282471751791036e+02,9.616724505567775623e+02,1.066334972507064549e+03,1.151308259966666128e+03,1.143951227633495819e+03,1.214610450432138123e+03,1.177584220131610209e+03,1.135469914703896620e+03,1.099075542934309169e+03,1.133073884307482786e+03,1.120376829008492223e+03,1.114746935043821395e+03,1.188260780483937651e+03,1.204649720313393800e+03,1.120759893303709305e+03,1.144996731569671965e+03,1.132645896715672734e+03,1.054673102591343877e+03,8.402261504257982097e+02,8.329491075686368049e+02,1.145412798506280069e+03
1.132311780763294792e+03,1.140448567268667148e+03,1.142234591988641114e+03,1.072173134577747760e+03,1.128172228852984972e+03,1.130390629279194172e+03,1.195176666366189011e+03,1.136911918288010838e+03,1.128458556489415741e+03,1.087423181515480792e+03,1.125722660631385452e+03,1.190259677159920557e+03,1.146672735647961417e+03,1.181589130881582832e+03,1.110287953836765155e+03,1.132026551518069027e+03,1.066567922982010259e+03,1.171741976533039178e+03,1.158720104156242087e+03,1.127796221907732388e+03,-3.653897417718151761e-04,5.804780726165345186e+02,1.190284110199180986e+03,1.630125212026217923e+03,1.678790657176007016e+03,1.609869174868489154e+03,1.801282179350010210e+03,1.703141010286171195e+03,1.439409890844648999e+03,1.325713412016326401e+03,1.199057571736505906e+03,1.148896232482853748e+03,1.089271264559184601e+03,1.136938389651794068e+03,1.144547367523799494e+03,1.200132589148601028e+03,1.156548011079133175e+03,1.134290228020525319e+03,1.150921150109277278e+03,1.152943932412930735e+03,1.154937192461112318e+03,1.126578176547929615e+03,1.093005352834914220e+03,1.148848762938376922e+03,1.154305037421496991e+03,1.163568728580210518e+03
1.099629215143744204e+03,1.067847809696507284e+03,1.151567053366418577e+03,1.172848055596660515e+03,1.030874019176886122e+03,1.021281408387242777e+03,9.506268859681096046e+02,9.290442407647695973e+02,1.072931786789136822e+03,1.112828478709808678e+03,1.097018426817492809e+03,1.131618639893994668e+03,1.119287566722237443e+03,1.194893958661905799e+03,1.051521516170733321e+03,1.178295419514011883e+03,1.111365613039671871e+03,1.104949833813230498e+03,1.097263450659857426e+03,1.103339840273852587e+03,1.116966378286310373e+03,1.067094971407208504e+03,1.067592560384997114e+03,1.115446271295931865e+03,7.694791083258105573e+02,7.710831979914919430e+02,1.112397922563867724e+03,1.081267511772058242e+03,1.126100442943436747e+03,1.088229015662753909e+03,1.100606029710036637e+03,1.107623336903397330e+03,1.081030984765724043e+03,1.106714224710966391e+03,1.091323877742700006e+03,1.131511976122370243e+03,1.125158590809027373e+03,1.095702775153285756e+03,1.079990126749045430e+03,1.018726575341597368e+03,1.077173894270901201e+03,1.078757467566846117e+03,1.113934751155345339e+03,1.081135625764828092e+03,1.101736940102899780e+03,1.127870307532518837e+03
1.086516616446912394e+03,3.892904495018073660e-05,4.777571632935704997e+02,1.079387443785716414e+03,1.622974369438162739e+03,1.595718364992353600e+03,1.608790603105853279e+03,1.711976695861302005e+03,1.480741707562464399e+03,1.400113117079198219e+03,1.227533426089600880e+03,1.086450748070892814e+03,1.084856841998394884e+03,1.091654743710344974e+03,1.117203436864430159e+03,1.065313305143727575e+03,1.157892055700610399e+03,1.123233350192577973e+03,1.106082594976190876e+03,1.074677330301301708e+03,1.077345374394450801e+03,1.126315802463185946e+03,1.094301174032296331e+03,1.169204561241501779e+03,1.141527513001280113e+03,1.109727373861910564e+03,1.057946065410151959e+03,1.079379150189315624e+03,1.109902720314438056e+03,1.083630811696498995e+03,1.136634583931363068e+03,9.775587617665789821e+02,9.407123186353107940e+02,8.411526423461535842e+02,8.580072267368989287e+02,1.059691030598388352e+03,1.131026688725641179e+03,1.091519314331915893e+03,1.114566615063751215e+03,1.035295317164719336e+03,1.055657637299799944e+03,1.067708042055973237e+03,1.039406261367628076e+03,1.085967770657380242e+03,1.079147575203433917e+03,1.094129227251946986e+03
1.028952705803702429e+03,1.073537234258221588e+03,1.066990328568955192e+03,1.055739327753073667e+03,1.014919763744794182e+03,8.124735930468874585e+02,7.708535601761191174e+02,1.092173917340325943e+03,1.102254165321121718e+03,1.091605379079408522e+03,1.017831688820017007e+03,1.026518025476143748e+03,1.062006535972910115e+03,1.084312922519070526e+03,1.060997297933511391e+03,1.141782266634916596e+03,1.001540790113712433e+03,1.020213797938141965e+03,1.034886016236545174e+03,1.025152402005876866e+03,1.061231998133166599e+03,1.020947395597576929e+03,1.093428430695430052e+03,1.059123090255187435e+03,1.057336781266420530e+03,1.084193591308143141e+03,1.060524711154339684e+03,9.856758340553218432e+02,2.428149879005221526e-04,4.644279769458963756e+02,1.111432149051755459e+03,1.576489568661518888e+03,1.595620711500273956e+03,1.570001736073337497e+03,1.614050074780317800e+03,1.600970208354541910e+03,1.368214574324048044e+03,1.155019667097701131e+03,1.076352191890354788e+03,1.089153162759266252e+03,1.046068803434857500e+03,1.083461962310355830e+03,1.062892551287109882e+03,1.051795229488739778e+03,1.067074578433131819e+03,9.873805129846190312e+02
1.078470074326492295e+03,1.046539768496970510e+03,1.108509886932494283e+03,1.019875272634391649e+03,1.088376436023985889e+03,1.109423849207338435e+03,1.051147724356983190e+03,1.076468345172526597e+03,1.111455793620420991e+03,1.052478109124942421e+03,1.090346822695291621e+03,1.042392001343715719e+03,1.021535452435872685e+03,9.318691583214705361e+02,8.619027513652370089e+02,8.433755829492290559e+02,9.872585881234498402e+02,1.040144439903652710e+03,1.087167097845526996e+03,1.021193122741090974e+03,1.076611666120643349e+03,1.080603843735862938e+03,1.044421751177963870e+03,1.061584486178382349e+03,1.099000033346666442e+03,1.040824336753717034e+03,1.016344718895383153e+03,1.022060875255518113e+03,9.890945937280818043e+02,1.056444823944284735e+03,1.031007416545459591e+03,9.324835955330242996e+02,7.570464977106532842e+02,7.455444180160294536e+02,1.045994305688713212e+03,9.919656892652930082e+02,1.003465829826169738e+03,1.027604035633751209e+03,1.044186799254195648e+03,1.054808447715378179e+03,1.047669773676278510e+03,9.897725870187376813e+02,1.041389469515302835e+03,1.029915298600266624e+03,1.032194787078589343e+03,1.036745156613749486e+03
1.019900437341111115e+03,1.027617157501225847e+03,1.075491607995517370e+03,1.004808680370988100e+03,1.003648255794661509e+03,1.015827492848206816e+03,1.042418010049112581e+03,1.041442447037261900e+03,9.903772070596975254e+02,-2.590123620102762815e-04,4.772971735578592529e+02,1.061555136515823961e+03,1.492697727794985894e+03,1.483793715036472349e+03,1.444910532512141117e+03,1.640777300747871777e+03,1.567755563508816522e+03,1.297790493805996903e+03,1.146512072180256837e+03,1.074083109033791516e+03,1.030907747169648246e+03,9.770217488400568300e+02,1.073764493839320039e+03,1.031979579460230298e+03,1.054557137773432487e+03,1.069552365509711080e+03,1.044132484543664077e+03,1.025059316113932937e+03,1.043741725948172871e+03,1.045285767689037584e+03,1.103281337918229610e+03,1.034259476727444280e+03,1.051684115388987721e+03,1.040881418145205089e+03,1.035003720746951785e+03,1.035508571687665381e+03,1.018097097709832951e+03,9.801790002944649132e+02,9.922802239650056890e+02,9.565018976845717589e+02,9.510510397434919696e+02,8.269546164164678430e+02,7.965817693234699846e+02,9.882301873057050443e+02,1.036909928585564558e+03,1.046495695011145017e+03
1.033729933509504235e+03,1.013766313284478315e+03,9.996855458295736980e+02,1.038546236975066222e+03,1.021571981242429729e+03,1.023131576427838468e+03,9.783706944550899607e+02,1.025005696895585061e+03,1.046747882558700894e+03,9.685141271020887643e+02,1.065995389805980722e+03,9.992419045007632121e+02,9.965304545415234543e+02,7.334649697304553229e+02,7.038335776836393052e+02,1.011488327903644176e+03,1.002578639466424193e+03,9.883711900339800422e+02,9.569948204265771210e+02,1.012085603573088406e+03,9.327275286167522381e+02,1.019714412155943933e+03,1.000682078476465563e+03,9.437915936039418057e+02,9.687608712980498922e+02,9.930508508409684509e+02,1.003613762553718743e+03,9.644462748977080082e+02,9.998766446806354224e+02,9.853030943865618383e+02,1.054254600537177112e+03,1.033974766450067818e+03,9.636196916715263114e+02,9.449401736405098973e+02,9.892959920722630613e+02,1.003735712156236673e+03,1.738097261926058613e-03,4.751561817967038337e+02,1.052356153874430674e+03,1.517717879190387293e+03,1.501017621884361233e+03,1.424217583460211017e+03,1.649953877979710569e+03,1.428955151831663215e+03,1.310888258659277426e+03,1.141654305092404684e+03
1.045081453832142643e+03,1.011842264461678269e+03,9.321238709669925129e+02,1.011072567762288145e+03,1.014804723227029854e+03,1.009743357975061258e+03,9.684020221496549539e+02,1.022613233285527713e+03,1.063323202678960797e+03,1.093280749807033999e+03,1.012343605561818094e+03,1.052185662558833883e+03,1.028987262411453457e+03,1.035645069841998748e+03,1.013791270760114116e+03,9.756853456213428899e+02,1.020915824745890291e+03,1.044206110413244687e+03,1.013140215367316500e+03,1.023703465832152688e+03,9.483388039382946317e+02,9.328642180800433152e+02,8.319722019494125789e+02,8.601608621196212425e+02,9.891761258597512096e+02,1.075509763007853508e+03,1.018204096619391066e+03,1.084259035715911295e+03,1.030427542621385328e+03,9.827813844185259313e+02,9.467527958245523223e+02,1.036361331384082632e+03,1.056884948487812380e+03,1.055487091714658163e+03,9.859066192220344647e+02,1.026516859682986251e+03,9.902085621394096506e+02,1.032730392578652527e+03,9.461217743951324337e+02,9.925861368193469616e+02,7.335239772434387078e+02,7.612874706124512159e+02,1.012882207773821847e+03,9.639649213743142582e+02,9.611528017721998367e+02,9.925674390677990004e+02
1.027844863195466132e+03,1.036258681833949140e+03,1.037829464751587921e+03,1.002062349698013122e+03,1.038527921036359885e+03,1.009618233569234462e+03,9.711947848339524398e+02,1.000013439943404933e+03,9.593707959216098971e+02,9.763667031654925950e+02,1.003854390379275515e+03,1.016417090879886246e+03,9.826729856917531833e+02,1.022641490852732090e+03,9.671988028612463495e+02,9.839089468664818696e+02,9.540058821207658184e+02,1.253698371346403744e-04,4.615665382983356722e+02,1.044595475304311776e+03,1.526144439459579417e+03,1.442287094763670211e+03,1.400911719423123259e+03,1.607218914872157939e+03,1.414574168879726358e+03,1.236681086520596864e+03,1.123273895424521470e+03,1.012269335595875077e+03,1.005850191350636237e+03,9.885454306394181003e+02,1.110517046201639232e+03,9.992108442262867811e+02,1.031732905741845798e+03,1.053600551034746559e+03,9.842025441290884373e+02,1.044989455695182187e+03,1.071879754724401664e+03,9.598726486494003893e+02,9.844039795299310072e+02,9.606410634298903233e+02,1.033570580368627134e+03,1.059015021355121917e+03,1.014011316919462843e+03,9.947891319324315873e+02,1.013346468007051840e+03,9.769440759864849042e+02
1.043795163803019705e+03,9.772018278958912560e+02,9.302750192539480167e+02,7.812293223824869983e+02,8.002342558740590448e+02,9.864548574000175449e+02,1.048508062851971999e+03,9.818717963713565950e+02,1.031191065698136981e+03,9.980008458472636903e+02,1.086173551962168403e+03,1.020917352082480079e+03,1.047859734231256652e+03,1.021879607338399069e+03,1.076226613882275160e+03,1.015952634749962272e+03,1.078517057990579360e+03,1.059617042731872743e+03,1.023363521436405335e+03,1.068809615613897222e+03,9.712132848382411794e+02,7.475580815887564086e+02,7.437959525192924275e+02,9.496302679797579458e+02,9.863067921167560144e+02,1.051213842017133857e+03,1.035383978991242202e+03,1.001620216398408843e+03,1.010778080865697689e+03,1.015771973548577535e+03,9.962999217307267372e+02,9.938695456154194972e+02,1.066823627098909810e+03,9.689608197501042923e+02,9.377597636796566576e+02,9.970075160513898709e+02,1.014896195341831799e+03,9.325567227890443291e+02,9.818547344917277542e+02,1.020710150622888477e+03,1.006113051100464986e+03,9.523359587967339621e+02,9.745961800970480908e+02,1.004008694219151153e+03,2.148895872978022828e-03,4.814296808089561068e+02
9.978831117870283833e+02,1.514529732885353269e+03,1.489529860407388696e+03,1.438298174371867390e+03,1.581145447561416859e+03,1.414430220596824711e+03,1.236017821413684260e+03,1.033810903799378366e+03,1.009703955846739404e+03,9.406597802702465287e+02,1.054645229068827348e+03,9.484277135828125438e+02,9.787454715975583213e+02,9.955901950950146784e+02,9.539442311682405489e+02,1.025053950062366539e+03,1.006914419416674264e+03,1.018315648839554910e+03,1.000932680696439206e+03,9.871716412604803281e+02,1.031453506321360010e+03,1.029814353904533846e+03,1.030809235116860691e+03,1.019894702100411223e+03,9.850042214010015869e+02,9.570813965318134251e+02,1.029924511665486534e+03,1.012443322990201636e+03,9.486179933666713850e+02,9.155008668350135395e+02,8.187295023845782680e+02,8.547108302521795622e+02,9.856935161668523051e+02,1.013294103183667858e+03,1.031526597603760592e+03,1.055578617259286148e+03,1.021646469877537697e+03,1.019655959467087087e+03,1.038674871346171130e+03,9.941650997990409451e+02,1.043563098618554932e+03,1.066419232749655521e+03,1.021201386320548522e+03,1.040326879729898337e+03,1.025353452995937687e+03,9.725819729342780420e+02
1.002226073485384063e+03,9.581723531151404813e+02,7.134836838587488046e+02,7.768039834440479581e+02,9.934682759507448964e+02,9.897658687622359821e+02,1.025612977338949577e+03,9.777571799364916387e+02,1.003260436624974204e+03,9.965525328831718070e+02,9.667168515887890408e+02,9.866861594155724333e+02,1.028729029757750823e+03,1.018017090914782898e+03,1.004118906604908261e+03,9.552767176244663005e+02,9.910317426257022362e+02,9.660622757216315222e+02,9.570155186704097332e+02,9.972958338763171469e+02,1.020342011058944649e+03,9.927638523834298212e+02,9.824876973804078943e+02,9.655697033047731566e+02,9.770886993729270671e+02,-2.662425712322512013e-04,4.862321440542246478e+02,1.031219048830946804e+03,1.471673749935195701e+03,1.503043409392840204e+03,1.532785563814880561e+03,1.598465156181455541e+03,1.431611528734227477e+03,1.193352431355430781e+03,1.095491638587859143e+03,1.017617744984190722e+03,1.031093079231614865e+03,1.026724789793210221e+03,9.984008985317000224e+02,9.797445791332862655e+02,9.683995357780347604e+02,9.698849783395667146e+02,9.766244850250777745e+02,9.154230597697958274e+02,9.180107726676842503e+02,9.871484442464259246e+02
9.146985736784132541e+02,1.000262951589015074e+03,1.028486987644539795e+03,9.873317956645923914e+02,1.042605824000835810e+03,9.875944240345506842e+02,1.012796188572324468e+03,9.368336355756474632e+02,9.475016804597672717e+02,8.573627980568317071e+02,8.663158303043620663e+02,7.851475954813969338e+02,8.369886346176485858e+02,9.677058533710106758e+02,9.968252949450709366e+02,9.880207364262067813e+02,1.015100661587446666e+03,9.684547960140801024e+02,9.626425322547794394e+02,1.025186113088839420e+03,1.036795527084291052e+03,1.005141503443509237e+03,1.013983604614969067e+03,9.794452560726118691e+02,1.005107774201623215e+03,1.033007028146406128e+03,1.013569980132609999e+03,1.077915355080765266e+03,9.741954963171580175e+02,7.324953241730979698e+02,7.581035658066683709e+02,1.033424270850440735e+03,1.028484035745019355e+03,1.046039011278728367e+03,1.078767950673958012e+03,9.987418020254511930e+02,1.044290143589349327e+03,1.031705396870434924e+03,1.042889464898448523e+03,1.006953158500224163e+03,1.011277378241326687e+03,1.017354188535690241e+03,1.042062271969167341e+03,9.567974361710195126e+02,1.000453604874120174e+03,1.003319268552481617e+03
9.546884611729501557e+02,9.493902491527931033e+02,9.475922316475680418e+02,1.005355454149701018e+03,9.306602077044632324e+02,9.684053209184602338e+02,-2.880365029356144867e-03,4.846467895315357168e+02,1.020933225746364542e+03,1.459704299074546952e+03,1.486918284055348977e+03,1.465505487143934261e+03,1.592011255949001452e+03,1.477481965299184822e+03,1.196021921858517999e+03,1.068223954141792092e+03,9.962738694154244286e+02,1.030978285260551957e+03,9.687714962688722835e+02,9.523291847577543194e+02,9.443726932329607280e+02,1.004587751643216393e+03,1.022126469902137387e+03,9.889028088836696497e+02,1.034807118782496900e+03,9.651129799174447044e+02,9.655400663978625744e+02,9.882740619964132520e+02,9.444191598385643829e+02,9.942536123869225548e+02,9.661288068386795658e+02,1.035636662444154354e+03,9.065145999912057277e+02,1.013604608815374718e+03,9.605798679962709912e+02,9.712201040624813686e+02,9.316336083162739214e+02,8.482848411178759989e+02,8.234748108502295736e+02,7.821883317351251890e+02,9.998977473862665875e+02,9.619384954266249679e+02,9.764599622795695950e+02,1.000605410829196217e+03,9.949891389097437013e+02,1.060235038399029463e+03
9.929637135899264422e+02,9.911023027263970562e+02,1.009473849961586552e+03,9.629195654075914490e+02,9.552489857222930141e+02,9.578070111505412569e+02,1.028918318590380068e+03,9.690954015084032562e+02,1.038135185504437004e+03,9.680419294375128629e+02,7.190603508276333287e+02,7.090244109545158153e+02,1.030664101863019368e+03,9.611782957714360691e+02,1.007117936621683043e+03,1.040337454819411278e+03,1.001686835064336833e+03,1.075024210514952983e+03,1.048740892318794977e+03,9.565186309002431244e+02,9.716313974420960449e+02,1.002384343669524242e+03,1.006035523205174286e+03,9.629011681224970971e+02,9.914529562388108843e+02,1.023747336799213258e+03,1.030580516341804696e+03,1.002144507358745273e+03,1.029568847961423899e+03,1.048435608643451360e+03,9.793754549023113896e+02,1.003130842988515496e+03,1.000969596328747457e+03,1.355123375767742458e-04,4.512218071603517728e+02,1.013281351793997715e+03,1.509254078741792910e+03,1.452636030697046635e+03,1.494424741063501870e+03,1.593949359737195209e+03,1.460415392593181650e+03,1.260533420941814711e+03,1.109043382788963982e+03,1.039097209224145899e+03,1.008163191230389202e+03,1.020319885486149360e+03
9.773675389924308092e+02,9.522644126719914084e+02,9.855435066530628774e+02,9.982636881394367947e+02,1.063218256144238467e+03,9.271760297474338586e+02,1.007654575413485190e+03,9.471006541633749976e+02,9.419641564405371810e+02,9.974657674859959116e+02,1.021442109201413018e+03,1.041189122079281788e+03,1.034885419633580113e+03,9.905541033805204734e+02,1.033842959918999895e+03,1.011374096099407325e+03,9.839087779392597213e+02,9.521543224384897712e+02,8.547497700098351743e+02,7.948905635198902928e+02,7.629738839971375910e+02,9.389623630790058542e+02,9.481543188104467390e+02,9.392763741417131769e+02,1.031990195138121635e+03,9.506695651840976780e+02,9.980742159465623899e+02,9.813570144412790341e+02,9.804370415641155887e+02,9.262862501355740505e+02,9.817429252858249811e+02,9.631912300981521184e+02,1.053150387176586037e+03,9.738130742972100506e+02,9.575738960617620705e+02,9.253378268592939548e+02,9.353036509394839868e+02,7.033252398739774662e+02,7.568244186213246394e+02,9.824061540958957721e+02,1.020287734077532946e+03,1.030188560899641288e+03,9.967296625406954718e+02,9.875365925065203783e+02,9.794668485438800190e+02,9.753241011856623572e+02
1.024335855412011369e+03,1.012254095903429516e+03,1.021024787757490117e+03,1.010510530650450391e+03,9.747342241463043138e+02,9.836250177007136699e+02,1.003572415798679458e+03,1.006550899817444360e+03,9.746967593111603492e+02,9.918505849909851122e+02,9.545414016414943035e+02,9.765974827252179011e+02,9.875723141547586010e+02,9.489337682523636204e+02,7.574447020346733624e-04,4.648629001511302477e+02,1.013471449562056478e+03,1.518372654939443464e+03,1.450485325334288518e+03,1.480614104804192493e+03,1.571553551648831444e+03,1.457355468988766461e+03,1.260325136416239729e+03,1.130708056069461918e+03,1.075453940389299078e+03,9.748824104243874444e+02,1.010395010185225829e+03,9.907314820473454802e+02,9.524138593216034678e+02,1.001107045832330869e+03,9.808454914107144305e+02,9.915730338358752078e+02,9.722984543111439280e+02,9.611808306386290042e+02,1.000893088388549472e+03,9.784726827212698481e+02,9.607764534388510356e+02,9.979923568625863481e+02,9.131416482130623535e+02,9.948020093813337326e+02,1.011780605825452199e+03,1.002250570496238993e+03,9.396478730806832118e+02,9.119889302178371508e+02,9.286242045251316313e+02,8.669937179424445048e+02
7.952663036801972112e+02,8.359500025489066957e+02,9.544124311404734726e+02,9.626924406060383035e+02,9.993583882960316487e+02,9.999611943785911308e+02,9.626925413730807577e+02,9.255965963755951407e+02,9.646336908659131950e+02,9.234549060324059155e+02,1.023741147205985612e+03,9.346387527069221051e+02,9.771195806890300446e+02,9.541089836101900801e+02,9.963153187481143505e+02,1.003916285392131158e+03,9.769170085744109429e+02,9.763558980129625979e+02,6.966812201784448462e+02,7.288689334446597741e+02,9.999442616514247675e+02,8.951602405538716312e+02,1.008392585003157592e+03,9.836158927208664409e+02,9.534974723481499268e+02,1.048886792833129221e+03,9.906039916268547358e+02,9.640226562640978045e+02,9.618002016275971755e+02,1.006213200247737404e+03,9.275312125561863468e+02,1.023117012084159114e+03,9.684385157249619169e+02,9.566419637044215278e+02,9.096914772106215423e+02,1.008487239577344553e+03,1.002378159493342082e+03,1.005336694184983344e+03,9.305301699812551988e+02,9.797915742580136111e+02,9.980405457126504416e+02,1.866162671584254773e-03,4.804801911505406338e+02,1.012252740678471355e+03,1.525067619894283098e+03,1.457243008430755026e+03
1.493660647868238357e+03,1.619502372291109396e+03,1.397793723168827682e+03,1.189403870682388970e+03,1.054615393342757670e+03,9.643151802008235336e+02,9.429638844913495177e+02,9.690052778400332727e+02,9.253601370185133419e+02,9.509365385312486296e+02,1.014935075674400764e+03,9.910580858091091159e+02,9.891623557840350713e+02,9.396000292318723268e+02,9.546656843621667576e+02,9.641135425156094243e+02,9.608558017847270776e+02,9.613473637473568942e+02,9.583168145721199380e+02,9.545868976838469280e+02,9.535238147939127202e+02,9.925590863629649903e+02,9.528060026074971347e+02,9.525293199994673614e+02,9.778847632886796646e+02,9.624118395228821328e+02,8.678560584660366430e+02,7.836062492640287473e+02,7.779611410902801936e+02,8.799724458040748232e+02,1.002668475499767965e+03,9.436124714405011673e+02,9.840205998306121273e+02,9.879303951153508478e+02,9.763932938549163509e+02,9.604388791141890351e+02,9.691012732883809804e+02,1.018708788928510103e+03,1.010424199827873963e+03,9.692196694439769544e+02,9.984386301243204116e+02,9.981906922550763284e+02,9.572007027464616158e+02,1.007428592621552639e+03,9.084272537240935890e+02,7.184149370579965534e+02
6.986073810460698041e+02,9.734964816199311599e+02,9.269106798455885610e+02,9.939913561432003917e+02,9.243942128591957044e+02,9.154187194970485280e+02,9.996217010644554648e+02,9.884766799045185053e+02,9.576838542099391134e+02,9.928846201001128975e+02,9.488559770275019218e+02,9.435841406419184523e+02,9.694801213604483792e+02,9.437305176092683041e+02,9.046675509446091610e+02,9.438192275121510875e+02,1.003647143670877995e+03,9.838464934759797416e+02,1.005790032596551100e+03,9.936770892029477409e+02,9.407976964726708502e+02,9.575648245445427165e+02,2.556674880134525690e-03,5.033918594659123187e+02,1.003641508007088305e+03,1.493947475451550417e+03,1.499770563818883147e+03,1.427361964333836340e+03,1.505700294268870948e+03,1.351556352279288831e+03,1.237751754802725600e+03,1.089813689883227198e+03,9.703737738105764947e+02,9.233820350900025460e+02,9.582191895184297437e+02,9.692579026464941307e+02,9.270365511188783785e+02,1.019735744626011297e+03,9.681851886795625433e+02,9.251136259585124435e+02,9.445981628280785571e+02,9.545234745702565533e+02,9.544443531386343693e+02,9.230279247576966100e+02,9.620472038358466307e+02,9.979560539234405496e+02
9.425765470020579642e+02,9.540826950751840059e+02,9.410323888214056751e+02,9.619992034793150424e+02,9.782743955753952605e+02,9.090820742029981147e+02,9.162059837966361329e+02,8.006357843509085797e+02,7.544559885935764214e+02,7.368043530400010468e+02,9.125993667173227095e+02,9.915372388798163001e+02,9.679121783574418032e+02,9.733010369977520213e+02,9.459499616861265849e+02,9.551882424752026282e+02,9.446789441641515168e+02,8.974935867424489970e+02,9.449930484997331632e+02,9.251545692716102849e+02,8.985699526002400717e+02,1.018835085384319541e+03,9.683006570028289843e+02,9.046390221238481217e+02,9.253316360941244056e+02,9.421049894326465619e+02,7.117667247890468616e+02,6.810047863238660284e+02,9.491892610594178450e+02,9.263196698269139233e+02,9.761525009045940351e+02,9.072117626276119609e+02,9.433958464493910014e+02,9.662128279591123601e+02,9.699412207934589105e+02,9.487854299403143159e+02,9.904628008725619566e+02,8.785821703448422113e+02,9.746191318011022986e+02,9.669585417759797110e+02,9.621119968079494811e+02,9.517964407991146345e+02,1.018074731666494245e+03,9.574237441752854920e+02,9.541630408855291989e+02,9.500837834805421380e+02
8.711501808193436318e+02,9.944678384150295187e+02,9.547428713979265922e+02,-8.627947586392816642e-04,4.858635025707937416e+02,9.297927562106145842e+02,1.444592144532440216e+03,1.328837930303608800e+03,1.333597850295812350e+03,1.474222446368708006e+03,1.310797112856900867e+03,1.153835721034248991e+03,1.053224849722512090e+03,9.422799719553424893e+02,9.095522056794588934e+02,9.314365506443048162e+02,9.718448928017575099e+02,8.905521607640517914e+02,9.164468820219477720e+02,9.363313594070161798e+02,9.140897040587317406e+02,9.425393745172789295e+02,9.061158158151513362e+02,9.397648507839936656e+02,8.973493968087457233e+02,9.322520597550471848e+02,9.913381547548756316e+02,9.415641294430320158e+02,9.002715155341110176e+02,9.442406138660467150e+02,9.052251917450960264e+02,8.533748225169973693e+02,8.494963177418089799e+02,8.580840061056868535e+02,7.888629332784670396e+02,7.188743260339309700e+02,7.685541789032558881e+02,8.223685927234860173e+02,8.723031958996698449e+02,8.714221177177175832e+02,9.322958101121237178e+02,8.857634635988686114e+02,8.742193507036602114e+02,9.163626671125776966e+02,9.241950936978969366e+02,8.716497841827391539e+02
9.069592149411546416e+02,9.397594061268415544e+02,8.895370209208373353e+02,9.381383116550599652e+02,8.695901712175499370e+02,9.035144361107886652e+02,8.852173194984959537e+02,6.893020234264701003e+02,6.325317589474708484e+02,9.479330248845689084e+02,9.094364597097248861e+02,9.189394817236441213e+02,9.246032441523932448e+02,9.623119437114161201e+02,8.841517441492774196e+02,9.029657621519706936e+02,1.007866736729686977e+03,9.134401346317043817e+02,9.311912315289893058e+02,9.512613699334556259e+02,8.989774510573575981e+02,9.193680141138361250e+02,9.285465066060385197e+02,9.357535947851321225e+02,9.576471053369432411e+02,9.726870282730340023e+02,8.800589192949075823e+02,9.144815442266385617e+02,9.048726630929760404e+02,8.824150406154406028e+02,3.178542045913012128e-04,4.287949432733663571e+02,8.964566000438666151e+02,1.324989119216565086e+03,1.302651848410462662e+03,1.282673030646266852e+03,1.444145389500185956e+03,1.259273510978173590e+03,1.088907401896519104e+03,9.520405728836415165e+02,9.254330717564827182e+02,9.187244047123325572e+02,8.513853631215765745e+02,8.558877652126001294e+02,9.216758987069003979e+02,8.744221740890940282e+02
8.704074391193811380e+02,8.430982418808495140e+02,8.300362161975504023e+02,8.881176565894772921e+02,8.289828405474391957e+02,8.638028663344260849e+02,8.382928325560430949e+02,8.513349180966512222e+02,8.921550711485231204e+02,8.243980513018128704e+02,7.664209015348965295e+02,8.043391443918075083e+02,8.186510685977877984e+02,8.112073203901945817e+02,8.113950223882990258e+02,7.164183698968236058e+02,6.377212646626180685e+02,6.674078652959566398e+02,7.266319032029329037e+02,8.492812336994819589e+02,8.168959332087840721e+02,8.109397176994320944e+02,8.146000241017978851e+02,8.465665717761331734e+02,8.265487579974467280e+02,8.259114419774768976e+02,8.378513326878596672e+02,8.609769763391356037e+02,8.149570265121262764e+02,7.864083364350331067e+02,8.340371622146799382e+02,8.326717477328452333e+02,8.320044056287348440e+02,7.389513860908632523e+02,6.601993911598106024e+02,6.479169341883275592e+02,8.500091800184985686e+02,7.875872106699373489e+02,9.048990889737777934e+02,8.349230271626539661e+02,8.932854589732696695e+02,8.648346777962718761e+02,8.667415073628146729e+02,8.752130929632861580e+02,9.049132867119507182e+02,8.646423934686524717e+02
8.930063180816536033e+02,8.976194567106416571e+02,8.564826263243689937e+02,8.954584381289962494e+02,9.124053147844239220e+02,8.913474789840631729e+02,8.635230711217814132e+02,8.636368923080548257e+02,8.569576372361919994e+02,8.553279743248475597e+02,9.106075072822891343e+02,9.836153287015620295e-04,4.568125600240393851e+02,8.856995358734587853e+02,1.223081267764367112e+03,1.231690379066922333e+03,1.182259093266420223e+03,1.357490917941456246e+03,1.205969734163277963e+03,1.050562289860692999e+03,9.334553429822306043e+02,8.983130506694792530e+02,7.971707349200396493e+02,7.948892830514596426e+02,8.411660604913828365e+02,8.300266920310382375e+02,8.530882369093587840e+02,8.365771993734149419e+02,7.864938852908070430e+02,7.915300275479488619e+02,8.001054809722426171e+02,7.646977759319104280e+02,8.018353328449975379e+02,7.527760530132195527e+02,7.807452328877340051e+02,8.132870516034129196e+02,7.650465654480968851e+02,7.237953157474076988e+02,7.344820571224920513e+02,7.203335274149001179e+02,6.745985743763397977e+02,7.175357583390793934e+02,6.123928489211982651e+02,5.679068831790885952e+02,5.804537491205944661e+02,6.495740536618591250e+02
7.017149275679095126e+02,6.915080263871958550e+02,6.910749758470489041e+02,6.984372150963640706e+02,7.050396716558352637e+02,6.967552375965930196e+02,6.794031687970804114e+02,6.991877411934449356e+02,6.991324101676564169e+02,7.019327621223036431e+02,7.041229823793888727e+02,7.548940342228655709e+02,7.334580256805526233e+02,7.413567311128501842e+02,7.201133621399952744e+02,5.721596409137521277e+02,5.491986775323017582e+02,7.742377656612916326e+02,7.283210839899110169e+02,7.550132617342766252e+02,7.116274049017382595e+02,7.687593915978859513e+02,7.408066296720477339e+02,8.060770855559221673e+02,7.614354500307902072e+02,7.586254456206137320e+02,8.028051282302035361e+02,8.168784835282729091e+02,7.771864101336193471e+02,8.110598652779208351e+02,7.507474208690229034e+02,8.025562835616217399e+02,8.544651677823160298e+02,8.018256522543333631e+02,7.971480811011082324e+02,7.914959712389991182e+02,8.473564554034862795e+02,7.999655827211660153e+02,3.553597602956404342e-04,3.604369731390084439e+02,8.003610801090392215e+02,1.094378468360994248e+03,1.137968202642175356e+03,1.056521549380261831e+03,1.205930854659962733e+03,1.132794515371149373e+03
9.923811054205796154e+02,8.053419139849129351e+02,7.981922776346910950e+02,7.493932217319428446e+02,6.976550150238808783e+02,7.442846855743684955e+02,7.144055097043745945e+02,7.172098748873212344e+02,7.162327356941333392e+02,7.277873563661501066e+02,6.864804459171697317e+02,7.291955541754189198e+02,6.763588445246128913e+02,6.867389674862780566e+02,7.765713019514764710e+02,6.724364689160062198e+02,6.528816876587266052e+02,7.536267835525018199e+02,6.105397882887930336e+02,6.260486955760974297e+02,6.135888163120035870e+02,6.082567539870905193e+02,6.028333219385469874e+02,5.419109280077354924e+02,4.723197115328131304e+02,5.152711860615497699e+02,5.316489764306385268e+02,5.709023034107530066e+02,5.814394851582615047e+02,5.794243565526185193e+02,5.839362085009091743e+02,5.461495571275007705e+02,5.689386278631378673e+02,5.533944148229771827e+02,6.003774168055662130e+02,5.713151577257011695e+02,5.972263130886607314e+02,5.076815911448341581e+02,5.515871613072705486e+02,6.087141746127496162e+02,5.865294765034071816e+02,5.721589943563116094e+02,4.100694583037596317e+02,4.377400934523404317e+02,6.163255979399232274e+02,6.322909048083258767e+02
6.021204460155822744e+02,5.966092421592279607e+02,6.139286696559327083e+02,6.261599681058595479e+02,6.785727394902079368e+02,6.388280201446697220e+02,6.903189522219934133e+02,6.664050285100589690e+02,6.868828037535200792e+02,6.939255614277759605e+02,6.593979979586976015e+02,6.937076085650928690e+02,7.018336471807691623e+02,7.209642147497784208e+02,6.659461253586887324e+02,7.161140025331496872e+02,7.300869184919421286e+02,7.316566150230856920e+02,7.349795038805864351e+02,-1.179129763305689820e-03,3.283378153680544642e+02,6.570840335965106078e+02,9.224059963549069607e+02,9.532706972393854130e+02,9.324455020334938808e+02,1.007285132236543973e+03,9.331356718769065992e+02,8.134285998236671276e+02,7.250481183725770506e+02,6.913710871813893846e+02,6.533926380223261958e+02,6.065423075245381597e+02,6.414687377114081528e+02,6.154917691479431596e+02,5.840003083759427227e+02,6.218305006631063634e+02,6.199881012182495397e+02,5.876193507549381820e+02,6.289223541668980033e+02,5.799364155916250638e+02,6.084343338784202615e+02,5.904325818018620566e+02,5.799006355437054481e+02,5.527706996255924423e+02,5.445730519362738278e+02,5.236380770990173232e+02
4.890555642500812610e+02,4.810396545102656205e+02,4.584108810818767097e+02,4.476609056197392533e+02,4.554768473773449386e+02,4.180568922275122077e+02,3.734075367078753516e+02,4.239559013103903453e+02,4.946757917276290755e+02,4.698316930322421854e+02,4.747927418741055590e+02,4.305627524855425463e+02,4.264124259802290453e+02,4.462753456973193806e+02,4.737540075155924342e+02,4.629905479356511933e+02,4.246475404758510876e+02,4.293235852331230262e+02,4.350919147518678756e+02,4.275971994455362619e+02,4.282528614182783713e+02,4.577774467181769182e+02,4.557554066232654577e+02,2.841509839104361959e+02,3.171632666961940572e+02,4.737028921831218327e+02,4.559812816443841257e+02,4.957168858876287914e+02,4.577111193717466904e+02,4.654687126695037023e+02,4.895411844161735075e+02,5.252167278390717229e+02,5.506451034227109176e+02,5.306410604238814130e+02,5.211874834035070307e+02,5.264140204343711957e+02,5.677288342068076190e+02,5.519664704121312298e+02,5.806323495567374948e+02,5.412477501551448995e+02,5.531028941013360054e+02,5.718656734516457618e+02,5.727986633353380057e+02,6.251633509385264915e+02,5.664727007964069116e+02,5.664583884136332017e+02
